model,Model name,Launch,Code name,Fab (nm),Transistors (million),Die size (mm),Bus interface,Core clock (MHz),Memory clock (MHz),Core config,Memory Size (MiB),Memory Bandwidth (GB/s),Memory Bus type,Memory Bus width (bit),Fillrate MOps/s,Fillrate MPixels/s,Fillrate MTexels/s,Fillrate MVertices/s,Latest API support Direct3D,TDP (Watts),Vendor,Model,Die size,Model (Codename),Model (Code name),Latest API support OpenGL,Performance (MFLOPS FP32),Performance (GFLOPS FP32),Supported API version Direct3D,Supported API version OpenGL,Fillrate MOperations/s,Performance (GFLOPS),Transistors (million) Die size (mm),Clock rate Core (MHz),Clock rate Shader (MHz),Clock rate Memory (MHz),Fillrate Pixel (GP/s),Fillrate Texture (GT/s),Processing power (GFLOPS) Single precision,Comments,Supported API version OpenCL,Supported API version CUDA,Release Price (USD),Memory configuration Size (MiB),Memory configuration Bandwidth (GB/s),Memory configuration DRAM type,Memory configuration Bus width (bit),Clock rate Memory (GT/s),SM count,Memory configuration Size (GiB),Processing power (GFLOPS) Double precision,Supported API version Vulkan,Clock rate Average Boost (MHz),Clock rate Max Boost (MHz),Clock rate Base (MHz),SMX count,Process,Transistors (billion),Clock Speeds Base (MHz),Clock Speeds Boost (MHz),Clock Speeds Memory (GT/s),L2 Cache (MiB),Memory Size (GiB),SLI support,Release price (USD) MSRP,Clock speeds Base core (MHz),Clock speeds Boost core (MHz),Clock speeds Memory (GT/s),Processing power (GFLOPS) Half precision,Release price (USD) Founders Edition,Bus Interface,Clock speeds Base core clock (MHz),Clock speeds Boost core clock (MHz),Processing power (GFLOPS) Tensor compute + Single precision,NVLink Support,NVLink support,Release price (USD),Processing power (TFLOPS) Half precision,Processing power (TFLOPS) Single precision,Processing power (TFLOPS) Double precision,Processing power (TFLOPS) Tensor compute (FP16),Ray tracing Performance Rays/s (Billions),Ray tracing Performance RTX OPS/s (Trillions),Processing power (TFLOPS) Tensor compute (FP16) (2:1 sparse),Ray tracing Performance (TFLOPS),Processing power (TFLOPS) Tensor compute FP16 (2:1 sparse),Processing power (TFLOPS) Tensor compute FP4 (2:1 sparse),API support Direct3D,API support OpenGL,Code name Code name Code name,Fab (nm) Fab (nm) Fab (nm),Bus interface Bus interface Bus interface,Core clock (MHz) Core clock (MHz) Core clock (MHz),Memory clock (MHz) Memory clock (MHz) Memory clock (MHz),Core config Core config Core config,Memory Size (MiB) Size (MiB),Memory Bandwidth (GB/s) Bandwidth (GB/s),Memory Bus type Bus type,Memory Bus width (bit) Bus width (bit),Fillrate Pixel (GP/s) Pixel (GP/s),Fillrate Texture (GT/s) Texture (GT/s),Supported API version OpenGL Hardware,Supported API version OpenGL Drivers (Software),TDP (Watts) TDP (Watts) TDP (Watts),Features,Clock speed Core (MHz),Clock speed Shader (MHz),Clock speed Memory (MHz),Processing power (GFLOPS),Notes,Clock speed Memory (GT/s),Supported API version CUDA Compute Capability,Notes (original research),Clock speed Min (MHz),Clock speed Average (MHz),Processing power (GFLOPS) Single precision (Boost),Supported API version DirectX,L2 Cache(MiB),Memory (GT/s),Clock speeds Memory (MHz) (Gb/s) (GT/s),Processing power (TFLOPS) Tensor TOPS (INT8),Processing power (GFLOPS) Tensor compute (FP16),Model name (Architecture),Code name(s),Memory Type,Ray tracing Performance RTX OPS (Trillions),Shader clock (MHz),Nvidia Optimus technology,Cache L1/SM (KiB),Cache L2 (MiB),Boost clock (MHz),Memory clock (MT),Fillrate Ray tracing (TFLOPS),Processing power (TFLOPS) Tensor compute (FP16) (sparse),Size Profile,Size Slots,Processing power (TFLOPS) Tensor,Microarchitecture,Core,Shaders Core config,Shaders Base clock (MHz),Shaders Max boost clock (MHz),Memory Size (GB),Memory Clock (MT/s),Processing power (TFLOPS) Half precision Tensor Core FP32 Accumulate,Processing power (TFLOPS) Single precision (MAD or FMA),Processing power (TFLOPS) Double precision (FMA),CUDA compute capability,TDP (W),"Notes, form factor",Fillrate MTri/s,Latest supported API version Direct3D,Latest supported API version OpenGL,Latest supported API version Vulkan,Latest supported API version Other,Processing power (GFLOPS) Ray tracing performance,Processing power (GFLOPS) Tensor compute (FP16) (2:1 sparse),Deep Learning TOPS (INT8),Transistors,Core CUDA cores,Core Texture mapping unit,Core Render output unit,Core Ray tracing cores,Core Tensor cores,Core Clock speed Boost value,Streaming multiprocessors,Cache L1,Cache L2,Memory Size,Memory Clock,Memory Bandwidth,Memory Bus width,Fillrate Pixel,Fillrate Texture,Processing power FP16/FP32,Processing power FP64,Interface Host,TDP,Memory Size (KiB),GPU arch,Performance (FLOPS),API compliance Direct3D,API compliance OpenGL,Memory Size (MB),API support (version) Direct3D,API support (version) OpenGL,TDP (Watts) Max.,Memory Bus width (Bit),Crossfire support,API support (version) OpenCL,Crossfire Support,"API support (version) OpenCL, ATI Stream",Graphics core,Fillrate FP32 (GP/s),Memory Effective clock (MHz),Features /Notes,API (version) Direct3D,API (version) OpenGL,TDP (Watts) Idle,Core Config,Core Clock (MHz),CrossFire support,Release Date & Price,Architecture & Fab,Transistors & Die Size,Processing power (GFLOPS) Single,Processing power (GFLOPS) Double,Memory Bus type & width,Memory Clock (MHz),TDP (Watts) Max,Codename,Architecture,Core Clock rate (MHz),Config core,Shared Memory Bus width (bit),Shared Memory Bus type,Shared Memory Bandwidth (GB/s),API compliance (version) Direct3D,API compliance (version) OpenGL,API compliance (version) OpenCL,API compliance (version) Vulkan,Combined TDP Idle (W),Combined TDP Max. (W),APU Series,Architecture Fab,Transistors Die Size,Core Clock (MHz) Base,Core Clock (MHz) Turbo,APU,Architecture (Fab),Memory Bus type & width (bit),TDP (W) Idle Max,Model (codename),TBP,TBP (W),Architecture & fab,Transistors & die size,Processing power (GFLOPS) Half,Infinity Cache Size,Infinity Cache Bandwidth (GB/s),Chiplets,Processing power (TFLOPS) Half,Processing power (TFLOPS) Single,Processing power (TFLOPS) Double,Hardware T&L,Memory (MHz),Clock rate (MHz) Core (MHz),Clock rate (MHz) Boost (MHz),Shared memory Bus type & width (bit),Shared memory Clock,Shared memory Bandwidth (GB/s),Micro-archi-tecture,Fillrate (GT/s),TDP /idle (Watts),API compliance (version) OpenGL (OpenCL),TDP /idle (watts),Core Config (CU),Stream processors,API compliance (version) DirectX,LLVM target,Vector TFLOPS FP16,Vector TFLOPS FP32,Vector TFLOPS FP64,Vector TFLOPS INT8,Matrix speedup FP32,Matrix speedup FP64,Matrix speedup S.Sparse,"Core config,",Code name (console model),GPU code name and/or architecture,"Core config,,",Ray-tracing performance GRays/s (triangles),Ray-tracing performance GRays/s (voxels or boxes),ML Performance TOPS (INT8),ML Performance TOPS (INT4),Memory RAM type,API compliance (version) Other,Architecture features,Execution units,Shading units,Clock speeds Boost clock (MHz),Clock speeds Memory (MT/s),Processing power (GFLOPS) INT8,Branding and Model,Branding and Model Branding and Model.1,MSRP (USD),L2 cache,Clock rate (MHz),Processing power (TFLOPS) Half precision (base),Processing power (TFLOPS) Single precision (base),Processing power (TFLOPS) Double precision (base),Processing power (TFLOPS) XMX Half Precision,Processing power (TFLOPS) Bfloat16,Full_Price,Date,Year
AMD_RV515_3,nan,2005-10-05 00:00:00,RV515,90,107,100,AGP 8× PCIe ×16,,,4:2:4:4,,12.8,DDR2,128,,2400,2400,300,,,AMD,Radeon X1300 PRO,nan,nan,nan,,,,,,2400,,,600,,400,,,,,,,$149,,,,,,,,,,,,,,,,,,,,,,,,,,,,,,,,,,,,,,,,,,,,,,,,,,,,,,,,,,,,,,,,,,,,,,,,,,,,,,,,,,,,,,,,,,,,,,,,,,,,,,,,,,,,,,,,,,,,,,,,,,,,,,,,,,,,,,,,,,,,,128 256,9.0c,2.1,31,,,,,,,,,,,,,,,,,,,,,,,,,,,,,,,,,,,,,,,,,,,,,,,,,,,,,,,,,,,,,,,,,,,,,,,,,,,,,,,,,,,,,,,,,,,,,,,,,,,,,,,,,,,149.0,2005-10-05,2005
AMD_R520_3,nan,2005-10-05 00:00:00,R520,90,321,288,PCIe ×16,,,16:8:16:16,,32.0,GDDR3,256,,8000,8000,1000,,,AMD,Radeon X1800 XL,nan,nan,nan,,,,,,8000,,,500,,500,,,,,,,$449,,,,,,,,,,,,,,,,,,,,,,,,,,,,,,,,,,,,,,,,,,,,,,,,,,,,,,,,,,,,,,,,,,,,,,,,,,,,,,,,,,,,,,,,,,,,,,,,,,,,,,,,,,,,,,,,,,,,,,,,,,,,,,,,,,,,,,,,,,,,,256,9.0c,2.1,70,,,,,,,,,,,,,,,,,,,,,,,,,,,,,,,,,,,,,,,,,,,,,,,,,,,,,,,,,,,,,,,,,,,,,,,,,,,,,,,,,,,,,,,,,,,,,,,,,,,,,,,,,,,449.0,2005-10-05,2005
AMD_RV530_3,nan,2005-10-10 00:00:00,RV530,90,157,150,AGP 8× PCIe ×16,,,12:5:4:4,,22.08,GDDR3,128,,2360,2360,737.5,,,AMD,Radeon X1600 XT,nan,nan,nan,,,,,,7080,,,590,,690,,,,,,,$249,,,,,,,,,,,,,,,,,,,,,,,,,,,,,,,,,,,,,,,,,,,,,,,,,,,,,,,,,,,,,,,,,,,,,,,,,,,,,,,,,,,,,,,,,,,,,,,,,,,,,,,,,,,,,,,,,,,,,,,,,,,,,,,,,,,,,,,,,,,,,256 512,9.0c,2.1,42,,,,,,,,,,,,,,,,,,,,,,,,,,,,,,,,,,,,,,,,,,,,,,,,,,,,,,,,,,,,,,,,,,,,,,,,,,,,,,,,,,,,,,,,,,,,,,,,,,,,,,,,,,,249.0,2005-10-10,2005
AMD_RV530,nan,2006-08-12 00:00:00,RV530,90,157,150,AGP 8× PCIe ×16,,,12:5:4:4,,12.8,DDR2,128,,2000,2000,625,,,AMD,Radeon X1300 XT,nan,nan,nan,,,,,,6000,,,500,,400,,,,,,,$89,,,,,,,,,,,,,,,,,,,,,,,,,,,,,,,,,,,,,,,,,,,,,,,,,,,,,,,,,,,,,,,,,,,,,,,,,,,,,,,,,,,,,,,,,,,,,,,,,,,,,,,,,,,,,,,,,,,,,,,,,,,,,,,,,,,,,,,,,,,,,128 256,9.0c,2.1,22,,,,,,,,,,,,,,,,,,,,,,,,,,,,,,,,,,,,,,,,,,,,,,,,,,,,,,,,,,,,,,,,,,,,,,,,,,,,,,,,,,,,,,,,,,,,,,,,,,,,,,,,,,,89.0,2006-08-12,2006
AMD_RV570_2,nan,2006-10-17 00:00:00,RV570,80,330,230,AGP 8x PCIe x16,,,36:8:12:12,,44.16,GDDR3,256,,6900,6900,1150,,,AMD,Radeon X1950 PRO,nan,nan,nan,,,,,,20700,,,575,,690,,,,,,,$199,,,,,,,,,,,,,,,,,,,,,,,,,,,,,,,,,,,,,,,,,,,,,,,,,,,,,,,,,,,,,,,,,,,,,,,,,,,,,,,,,,,,,,,,,,,,,,,,,,,,,,,,,,,,,,,,,,,,,,,,,,,,,,,,,,,,,,,,,,,,,256 512,9.0c,2.1,66,,,,,,,,,,,,,,,,,,,,,,,,,,,,,,,,,,,,,,,,,,,,,,,,,,,,,,,,,,,,,,,,,,,,,,,,,,,,,,,,,,,,,,,,,,,,,,,,,,,,,,,,,,,199.0,2006-10-17,2006
AMD_RV560_2,nan,2006-10-30 00:00:00,RV560,80,330,230,AGP 8× PCIe x16,,,24:8:8:8,,22.4,GDDR3,128,,4200,4200,1050,,,AMD,Radeon X1650 XT,nan,nan,nan,,,,,,12600,,,525,,700,,,,,,,$149,,,,,,,,,,,,,,,,,,,,,,,,,,,,,,,,,,,,,,,,,,,,,,,,,,,,,,,,,,,,,,,,,,,,,,,,,,,,,,,,,,,,,,,,,,,,,,,,,,,,,,,,,,,,,,,,,,,,,,,,,,,,,,,,,,,,,,,,,,,,,256 512,9.0c,2.1,55,,,,,,,,,,,,,,,,,,,,,,,,,,,,,,,,,,,,,,,,,,,,,,,,,,,,,,,,,,,,,,,,,,,,,,,,,,,,,,,,,,,,,,,,,,,,,,,,,,,,,,,,,,,149.0,2006-10-30,2006
AMD_R520_2,nan,2006-03-09 00:00:00,R520,90,321,288,PCIe ×16,,,12:8:12:8,,32.0,GDDR3,256,,6000,6000,1000,,,AMD,Radeon X1800 GTO,nan,nan,nan,,,,,,6000,,,500,,495,,,,,,,$249,,,,,,,,,,,,,,,,,,,,,,,,,,,,,,,,,,,,,,,,,,,,,,,,,,,,,,,,,,,,,,,,,,,,,,,,,,,,,,,,,,,,,,,,,,,,,,,,,,,,,,,,,,,,,,,,,,,,,,,,,,,,,,,,,,,,,,,,,,,,,256 512,9.0c,2.1,48,,,,,,,,,,,,,,,,,,,,,,,,,,,,,,,,,,,,,,,,,,,,,,,,,,,,,,,,,,,,,,,,,,,,,,,,,,,,,,,,,,,,,,,,,,,,,,,,,,,,,,,,,,,249.0,2006-03-09,2006
AMD_R580+_3,nan,2006-10-17 00:00:00,R580+,80,384,352,PCIe 1.0 ×16,,,48:8:16:16,,64,GDDR4,256,,10400,10400,1300,,,AMD,Radeon X1950 XTX,nan,nan,nan,,,,,,31200,,,650,,1000,,,,,,,$449,,,,,,,,,,,,,,,,,,,,,,,,,,,,,,,,,,,,,,,,,,,,,,,,,,,,,,,,,,,,,,,,,,,,,,,,,,,,,,,,,,,,,,,,,,,,,,,,,,,,,,,,,,,,,,,,,,,,,,,,,,,,,,,,,,,,,,,,,,,,,512,9.0c,2.1,125,,,,,,,,,,,,,,,,,,,,,,,,,,,,,,,,,,,,,,,,,,,,,,,,,,,,,,,,,,,,,,,,,,,,,,,,,,,,,,,,,,,,,,,,,,,,,,,,,,,,,,,,,,,449.0,2006-10-17,2006
AMD_RV535,nan,2006-08-23 00:00:00,RV535,80,330,131,AGP 8× PCIe x16,,,12:5:4:4,,22.4,GDDR3,128,,2400,2400,750,,,AMD,Radeon X1650 PRO,nan,nan,nan,,,,,,7200,,,600,,700,,,,,,,$99,,,,,,,,,,,,,,,,,,,,,,,,,,,,,,,,,,,,,,,,,,,,,,,,,,,,,,,,,,,,,,,,,,,,,,,,,,,,,,,,,,,,,,,,,,,,,,,,,,,,,,,,,,,,,,,,,,,,,,,,,,,,,,,,,,,,,,,,,,,,,256 512,9.0c,2.1,44,,,,,,,,,,,,,,,,,,,,,,,,,,,,,,,,,,,,,,,,,,,,,,,,,,,,,,,,,,,,,,,,,,,,,,,,,,,,,,,,,,,,,,,,,,,,,,,,,,,,,,,,,,,99.0,2006-08-23,2006
AMD_R580+,nan,2006-08-23 00:00:00,R580+,80,384,352,PCIe ×16,,,48:8:16:16,,64,GDDR4,256,,10400,10400,1300,,,AMD,Radeon X1950 CrossFire Edition,nan,nan,nan,,,,,,31200,,,650,,1000,,,,,,,$449,,,,,,,,,,,,,,,,,,,,,,,,,,,,,,,,,,,,,,,,,,,,,,,,,,,,,,,,,,,,,,,,,,,,,,,,,,,,,,,,,,,,,,,,,,,,,,,,,,,,,,,,,,,,,,,,,,,,,,,,,,,,,,,,,,,,,,,,,,,,,512,9.0c,2.1,,,,,,,,,,,,,,,,,,,,,,,,,,,,,,,,,,,,,,,,,,,,,,,,,,,,,,,,,,,,,,,,,,,,,,,,,,,,,,,,,,,,,,,,,,,,,,,,,,,,,,,,,,,,449.0,2006-08-23,2006
AMD_R580_5,nan,2006-01-24 00:00:00,R580,90,384,352,PCIe ×16,,,48:8:16:16,,49.6,GDDR3,256,,10400,10400,1300,,,AMD,Radeon X1900 XTX,nan,nan,nan,,,,,,31200,,,650,,775,,,,,,,$649,,,,,,,,,,,,,,,,,,,,,,,,,,,,,,,,,,,,,,,,,,,,,,,,,,,,,,,,,,,,,,,,,,,,,,,,,,,,,,,,,,,,,,,,,,,,,,,,,,,,,,,,,,,,,,,,,,,,,,,,,,,,,,,,,,,,,,,,,,,,,512,9.0c,2.1,135,,,,,,,,,,,,,,,,,,,,,,,,,,,,,,,,,,,,,,,,,,,,,,,,,,,,,,,,,,,,,,,,,,,,,,,,,,,,,,,,,,,,,,,,,,,,,,,,,,,,,,,,,,,649.0,2006-01-24,2006
AMD_R580,nan,2006-01-24 00:00:00,R580,90,384,352,PCIe ×16,,,48:8:16:16,,46.4,GDDR3,256,,10000,10000,1250,,,AMD,Radeon X1900 CrossFire Edition,nan,nan,nan,,,,,,30000,,,625,,725,,,,,,,$599,,,,,,,,,,,,,,,,,,,,,,,,,,,,,,,,,,,,,,,,,,,,,,,,,,,,,,,,,,,,,,,,,,,,,,,,,,,,,,,,,,,,,,,,,,,,,,,,,,,,,,,,,,,,,,,,,,,,,,,,,,,,,,,,,,,,,,,,,,,,,512,9.0c,2.1,100,,,,,,,,,,,,,,,,,,,,,,,,,,,,,,,,,,,,,,,,,,,,,,,,,,,,,,,,,,,,,,,,,,,,,,,,,,,,,,,,,,,,,,,,,,,,,,,,,,,,,,,,,,,599.0,2006-01-24,2006
AMD_R580_4,nan,2006-01-24 00:00:00,R580,90,384,352,PCIe ×16,,,48:8:16:16,,46.4,GDDR3,256,,10000,10000,1250,,,AMD,Radeon X1900 XT,nan,nan,nan,,,,,,30000,,,625,,725,,,,,,,$549,,,,,,,,,,,,,,,,,,,,,,,,,,,,,,,,,,,,,,,,,,,,,,,,,,,,,,,,,,,,,,,,,,,,,,,,,,,,,,,,,,,,,,,,,,,,,,,,,,,,,,,,,,,,,,,,,,,,,,,,,,,,,,,,,,,,,,,,,,,,,256 512,9.0c,2.1,100,,,,,,,,,,,,,,,,,,,,,,,,,,,,,,,,,,,,,,,,,,,,,,,,,,,,,,,,,,,,,,,,,,,,,,,,,,,,,,,,,,,,,,,,,,,,,,,,,,,,,,,,,,,549.0,2006-01-24,2006
AMD_RV570,nan,2007-01-29 00:00:00,RV570,80,330,230,AGP 8x PCIe x16,,,36:8:12:12,,38.4,GDDR3,256,,6000,6000,1000,,,AMD,Radeon X1950 GT,nan,nan,nan,,,,,,18000,,,500,,600,,,,,,,$140,,,,,,,,,,,,,,,,,,,,,,,,,,,,,,,,,,,,,,,,,,,,,,,,,,,,,,,,,,,,,,,,,,,,,,,,,,,,,,,,,,,,,,,,,,,,,,,,,,,,,,,,,,,,,,,,,,,,,,,,,,,,,,,,,,,,,,,,,,,,,256 512,9.0c,2.1,57,,,,,,,,,,,,,,,,,,,,,,,,,,,,,,,,,,,,,,,,,,,,,,,,,,,,,,,,,,,,,,,,,,,,,,,,,,,,,,,,,,,,,,,,,,,,,,,,,,,,,,,,,,,140.0,2007-01-29,2007
NVIDIA_GT200-103-A2 G200-103-B2,nan,2008-09-16 00:00:00,GT200-103-A2 G200-103-B2,65 nm 55 nm,1400,576 470,PCIe 2.0 x16,,,216:72:28,,,,,,,,,,182 171,NVIDIA,GeForce GTX 260,nan,nan,nan,,,,10.0,3.3,,,,576,1242 1350,,16.128,41.472,536.5 583.2,55 nm version has less TDP,,,$300,896 (1792),111.9,GDDR3,448,1.998,,,,,,,,,,,,,,,,,,,,,,,,,,,,,,,,,,,,,,,,,,,,,,,,,,,,,,,,,,,,,,,,,,,,,,,,,,,,,,,,,,,,,,,,,,,,,,,,,,,,,,,,,,,,,,,,,,,,,,,,,,,,,,,,,,,,,,,,,,,,,,,,,,,,,,,,,,,,,,,,,,,,,,,,,,,,,,,,,,,,,,,,,,,,,,,,,,,,,,,,,,,,,,,,,,,,,,,,,,,,,,,,,,,,,,,,,,,,,,,,,,,,,,300.0,2008-09-16,2008
NVIDIA_GT200-105-B3,nan,2009-04-09 00:00:00,GT200-105-B3,TSMC/UMC 55 nm,1400,470,PCIe 2.0 x16,,,240:80:28,,,,,,,,,,219,NVIDIA,GeForce GTX 275,nan,nan,nan,,,,10.0,3.3,,,,633,1404,,17.724,50.6,674,Effectively one-half of the GTX 295,,,$250,896 (1792),127.0,GDDR3,448,2.268,,,,,,,,,,,,,,,,,,,,,,,,,,,,,,,,,,,,,,,,,,,,,,,,,,,,,,,,,,,,,,,,,,,,,,,,,,,,,,,,,,,,,,,,,,,,,,,,,,,,,,,,,,,,,,,,,,,,,,,,,,,,,,,,,,,,,,,,,,,,,,,,,,,,,,,,,,,,,,,,,,,,,,,,,,,,,,,,,,,,,,,,,,,,,,,,,,,,,,,,,,,,,,,,,,,,,,,,,,,,,,,,,,,,,,,,,,,,,,,,,,,,,,250.0,2009-04-09,2009
NVIDIA_GT200-350-B3,nan,2009-01-15 00:00:00,GT200-350-B3,TSMC/UMC 55 nm,1400,470,PCIe 2.0 x16,,,240:80:32,,,,,,,,,,204,NVIDIA,GeForce GTX 285,nan,nan,nan,,,,10.0,3.3,,,,648,1476,,20.736,51.84,708.48,EVGA GTX285 Classified supports 4-way SLI,,,$400,1024 (2048),159.0,GDDR3,512,2.484,,,,,,,,,,,,,,,,,,,,,,,,,,,,,,,,,,,,,,,,,,,,,,,,,,,,,,,,,,,,,,,,,,,,,,,,,,,,,,,,,,,,,,,,,,,,,,,,,,,,,,,,,,,,,,,,,,,,,,,,,,,,,,,,,,,,,,,,,,,,,,,,,,,,,,,,,,,,,,,,,,,,,,,,,,,,,,,,,,,,,,,,,,,,,,,,,,,,,,,,,,,,,,,,,,,,,,,,,,,,,,,,,,,,,,,,,,,,,,,,,,,,,,400.0,2009-01-15,2009
NVIDIA_2× GT200-400-B3,nan,2009-01-08 00:00:00,2× GT200-400-B3,TSMC/UMC 55 nm,2× 1400,2× 470,PCIe 2.0 x16,,,2× 240:80:28,,,,,,,,,,289,NVIDIA,GeForce GTX 295,nan,nan,nan,,,,10.0,3.3,,,,576,1242,,2× 16.128,2× 46.08,1192.3,Dual PCB models were replaced with a single PCB model with 2 GPUs,,,$500,2× 896,2× 111.9,GDDR3,2× 448,1.998,,,,,,,,,,,,,,,,,,,,,,,,,,,,,,,,,,,,,,,,,,,,,,,,,,,,,,,,,,,,,,,,,,,,,,,,,,,,,,,,,,,,,,,,,,,,,,,,,,,,,,,,,,,,,,,,,,,,,,,,,,,,,,,,,,,,,,,,,,,,,,,,,,,,,,,,,,,,,,,,,,,,,,,,,,,,,,,,,,,,,,,,,,,,,,,,,,,,,,,,,,,,,,,,,,,,,,,,,,,,,,,,,,,,,,,,,,,,,,,,,,,,,,500.0,2009-01-08,2009
NVIDIA_GF100-375-A3,nan,2010-03-26 00:00:00,GF100-375-A3,TSMC 40 nm,3000,529,,,,480:60:48,,,,,,,,,,250,NVIDIA,GeForce GTX 480,nan,nan,nan,,,,12 FL 11_1,4.6,,,,701,1401,3696,21.0,42.0,1344.96,,1.2,2.0,$499,,177.4,GDDR5,384,,15,1.5,168.12,,,,,,,,,,,,,,,,,,,,,,,,,,,,,,,,,,,,,,,,,,,,,,,,,,,,,,,,,,,,,,,,,,,,,,,,,,,,,,,,,,,,,,,,,,,,,,,,,,,,,,,,,,,,,,,,,,,,,,,,,,,,,,,,,,,,,,,,,,,,,,,,,,,,,,,,,,,,,,,,,,,,,,,,,,,,,,,,,,,,,,,,,,,,,,,,,,,,,,,,,,,,,,,,,,,,,,,,,,,,,,,,,,,,,,,,,,,,,,,,,,,499.0,2010-03-26,2010
NVIDIA_GF104-300-KB-A1,nan,2010-07-12 00:00:00,GF104-300-KB-A1,TSMC 40 nm,1950,332,,,,336:56:24,,,,,,,,,,,NVIDIA,GeForce GTX 460,nan,nan,nan,,,,12 FL 11_1,4.6,,,,675,1350,3600,9.4,37.8,907.2,,1.1,2.1,$199,,86.4,GDDR5,192,,7,0.75,Unknown,,,,,,,,,,,,,,,,,,,,,,,,,,,,,,,,,,,,,,,,,,,,,,,,,,,,,,,,,,,,,,,,,,,,,,,,,,,,,,,,,,,,,,,,,,,,,,,,,,,,,,,,,,,,,,,,,,,,,,,,,,,,,,,,,,,,,,,,,,,,,,,,,,,,,,,,,,,,,,,,,,,,,,,,,,,,,,,,,,,,,,,,,,,,,,,,,,,,,,,,,,,,,,,,,,,,,,,,,,,,,,,,,,,,,,,,,,,,,,,,,,,199.0,2010-07-12,2010
NVIDIA_GF108 GF108-300-A1_2,nan,2010-10-11 00:00:00,GF108 GF108-300-A1,TSMC 40 nm,585,116,,,,96:16:4,,,,,,,,,,49,NVIDIA,GeForce GT 430,nan,nan,nan,,,,12 FL 11_1,4.6,,,,700,1400,1800,2.8,11.2,268.8,,1.1,2.1,$79,,28.8,GDDR3,128,,2,0.5 1 2,Unknown,,,,,,,,,,,,,,,,,,,,,,,,,,,,,,,,,,,,,,,,,,,,,,,,,,,,,,,,,,,,,,,,,,,,,,,,,,,,,,,,,,,,,,,,,,,,,,,,,,,,,,,,,,,,,,,,,,,,,,,,,,,,,,,,,,,,,,,,,,,,,,,,,,,,,,,,,,,,,,,,,,,,,,,,,,,,,,,,,,,,,,,,,,,,,,,,,,,,,,,,,,,,,,,,,,,,,,,,,,,,,,,,,,,,,,,,,,,,,,,,,,,79.0,2010-10-11,2010
NVIDIA_GF108 GF108-300-A1_3,nan,2010-10-11 00:00:00,GF108 GF108-300-A1,TSMC 40 nm,585,116,,,,96:16:4,,,,,,,,,,,NVIDIA,GeForce GT 430,nan,nan,nan,,,,12 FL 11_1,4.6,,,,700,1400,1300,2.8,11.2,,,1.1,2.1,$79,,10.4,GDDR3,64,,2,0.5 1 2,Unknown,,,,,,,,,,,,,,,,,,,,,,,,,,,,,,,,,,,,,,,,,,,,,,,,,,,,,,,,,,,,,,,,,,,,,,,,,,,,,,,,,,,,,,,,,,,,,,,,,,,,,,,,,,,,,,,,,,,,,,,,,,,,,,,,,,,,,,,,,,,,,,,,,,,,,,,,,,,,,,,,,,,,,,,,,,,,,,,,,,,,,,,,,,,,,,,,,,,,,,,,,,,,,,,,,,,,,,,,,,,,,,,,,,,,,,,,,,,,,,,,,,,79.0,2010-10-11,2010
NVIDIA_GF106-250 GF116-200,nan,2010-09-13 00:00:00,GF106-250 GF116-200,TSMC 40 nm,1170,238,,,,192:32:16,,,,,,,,,,106,NVIDIA,GeForce GTS 450,nan,nan,nan,,,,12 FL 11_1,4.6,,,,783,1566,1200-1600 (GDDR3) 3608 (GDDR5),6.2,25.0,601.34,,1.1,2.1,$129,,57.7,GDDR5,128,,4,0.5 1,Unknown,,,,,,,,,,,,,,,,,,,,,,,,,,,,,,,,,,,,,,,,,,,,,,,,,,,,,,,,,,,,,,,,,,,,,,,,,,,,,,,,,,,,,,,,,,,,,,,,,,,,,,,,,,,,,,,,,,,,,,,,,,,,,,,,,,,,,,,,,,,,,,,,,,,,,,,,,,,,,,,,,,,,,,,,,,,,,,,,,,,,,,,,,,,,,,,,,,,,,,,,,,,,,,,,,,,,,,,,,,,,,,,,,,,,,,,,,,,,,,,,,,,129.0,2010-09-13,2010
NVIDIA_GF104-225-A1,nan,2010-11-15 00:00:00,GF104-225-A1,TSMC 40 nm,1950,332,,,,288:48:32,,,,,,,,,,150,NVIDIA,GeForce GTX 460 SE,nan,nan,nan,,,,12 FL 11_1,4.6,,,,650,1300,3400,7.8,31.2,748.8,,1.1,2.1,$160,,108.8,GDDR5,256,,6,1,Unknown,,,,,,,,,,,,,,,,,,,,,,,,,,,,,,,,,,,,,,,,,,,,,,,,,,,,,,,,,,,,,,,,,,,,,,,,,,,,,,,,,,,,,,,,,,,,,,,,,,,,,,,,,,,,,,,,,,,,,,,,,,,,,,,,,,,,,,,,,,,,,,,,,,,,,,,,,,,,,,,,,,,,,,,,,,,,,,,,,,,,,,,,,,,,,,,,,,,,,,,,,,,,,,,,,,,,,,,,,,,,,,,,,,,,,,,,,,,,,,,,,,,160.0,2010-11-15,2010
NVIDIA_GF100-275-A3,nan,2010-03-26 00:00:00,GF100-275-A3,TSMC 40 nm,3000,529,,,,448:56:40,,,,,,,,,,215,NVIDIA,GeForce GTX 470,nan,nan,nan,,,,12 FL 11_1,4.6,,,,608,1215,3348,17.0,34.0,1088.64,,1.2,2.0,$349,,133.9,GDDR5,320,,14,1.25,136.08,,,,,,,,,,,,,,,,,,,,,,,,,,,,,,,,,,,,,,,,,,,,,,,,,,,,,,,,,,,,,,,,,,,,,,,,,,,,,,,,,,,,,,,,,,,,,,,,,,,,,,,,,,,,,,,,,,,,,,,,,,,,,,,,,,,,,,,,,,,,,,,,,,,,,,,,,,,,,,,,,,,,,,,,,,,,,,,,,,,,,,,,,,,,,,,,,,,,,,,,,,,,,,,,,,,,,,,,,,,,,,,,,,,,,,,,,,,,,,,,,,,349.0,2010-03-26,2010
NVIDIA_GF110-375-A1,GeForce GTX 580,2010-11-09 00:00:00,GF110-375-A1,TSMC 40 nm,3000,520,PCIe 2.0 x16,,,512:64:48,,,,,,,,,,244,NVIDIA,nan,nan,nan,nan,,,,12 FL 11_1,4.6,,,,772,1544,4008,37.05,49.41,1581.1,,1.1,2.0,$499,,192.384,GDDR5,384,,16,1.5 3,197.63,,,,,,,,,,,,,,,,,,,,,,,,,,,,,,,,,,,,,,,,,,,,,,,,,,,,,,,,,,,,,,,,,,,,,,,,,,,,,,,,,,,,,,,,,,,,,,,,,,,,,,,,,,,,,,,,,,,,,,,,,,,,,,,,,,,,,,,,,,,,,,,,,,,,,,,,,,,,,,,,,,,,,,,,,,,,,,,,,,,,,,,,,,,,,,,,,,,,,,,,,,,,,,,,,,,,,,,,,,,,,,,,,,,,,,,,,,,,,,,,,,,499.0,2010-11-09,2010
NVIDIA_GF104-300-KB-A1_2,nan,2010-07-12 00:00:00,GF104-300-KB-A1,TSMC 40 nm,1950,332,,,,336:56:32,,,,,,,,,,160,NVIDIA,GeForce GTX 460,nan,nan,nan,,,,12 FL 11_1,4.6,,,,675,1350,3600,9.4,37.8,,,1.1,2.1,$229,,115.2,GDDR5,256,,7,1 2,Unknown,,,,,,,,,,,,,,,,,,,,,,,,,,,,,,,,,,,,,,,,,,,,,,,,,,,,,,,,,,,,,,,,,,,,,,,,,,,,,,,,,,,,,,,,,,,,,,,,,,,,,,,,,,,,,,,,,,,,,,,,,,,,,,,,,,,,,,,,,,,,,,,,,,,,,,,,,,,,,,,,,,,,,,,,,,,,,,,,,,,,,,,,,,,,,,,,,,,,,,,,,,,,,,,,,,,,,,,,,,,,,,,,,,,,,,,,,,,,,,,,,,,229.0,2010-07-12,2010
NVIDIA_GF100-030-A3,nan,2010-05-31 00:00:00,GF100-030-A3,TSMC 40 nm,3000,529,,,,352:44:32,,,,,,,,,,200,NVIDIA,GeForce GTX 465,nan,nan,nan,,,,12 FL 11_1,4.6,,,,608,1215,3206,13.3,26.7,855.36,,1.2,2.0,$279,,102.7,GDDR5,256,,11,1,106.92,,,,,,,,,,,,,,,,,,,,,,,,,,,,,,,,,,,,,,,,,,,,,,,,,,,,,,,,,,,,,,,,,,,,,,,,,,,,,,,,,,,,,,,,,,,,,,,,,,,,,,,,,,,,,,,,,,,,,,,,,,,,,,,,,,,,,,,,,,,,,,,,,,,,,,,,,,,,,,,,,,,,,,,,,,,,,,,,,,,,,,,,,,,,,,,,,,,,,,,,,,,,,,,,,,,,,,,,,,,,,,,,,,,,,,,,,,,,,,,,,,,279.0,2010-05-31,2010
NVIDIA_GF110-275-A1,GeForce GTX 570,2010-12-07 00:00:00,GF110-275-A1,TSMC 40 nm,3000,520,PCIe 2.0 x16,,,480:60:40,,,,,,,,,,219,NVIDIA,nan,nan,nan,nan,,,,12 FL 11_1,4.6,,,,732,1464,3800,29.28,43.92,1405.4,,1.1,2.0,$349,,152,GDDR5,320,,15,1.25 2.5,175.68,,,,,,,,,,,,,,,,,,,,,,,,,,,,,,,,,,,,,,,,,,,,,,,,,,,,,,,,,,,,,,,,,,,,,,,,,,,,,,,,,,,,,,,,,,,,,,,,,,,,,,,,,,,,,,,,,,,,,,,,,,,,,,,,,,,,,,,,,,,,,,,,,,,,,,,,,,,,,,,,,,,,,,,,,,,,,,,,,,,,,,,,,,,,,,,,,,,,,,,,,,,,,,,,,,,,,,,,,,,,,,,,,,,,,,,,,,,,,,,,,,,349.0,2010-12-07,2010
NVIDIA_GF114,nan,2011-09-24 00:00:00,GF114,TSMC 40 nm,1950,332,,,,336:56:24,,,,,,,,,,,NVIDIA,GeForce GTX 460,nan,nan,nan,,,,12 FL 11_1,4.6,,,,779,1557,4008,10.9,43.6,1045.6,,1.1,2.1,$199,,96.2,GDDR5,192,,7,1,Unknown,,,,,,,,,,,,,,,,,,,,,,,,,,,,,,,,,,,,,,,,,,,,,,,,,,,,,,,,,,,,,,,,,,,,,,,,,,,,,,,,,,,,,,,,,,,,,,,,,,,,,,,,,,,,,,,,,,,,,,,,,,,,,,,,,,,,,,,,,,,,,,,,,,,,,,,,,,,,,,,,,,,,,,,,,,,,,,,,,,,,,,,,,,,,,,,,,,,,,,,,,,,,,,,,,,,,,,,,,,,,,,,,,,,,,,,,,,,,,,,,,,,199.0,2011-09-24,2011
NVIDIA_GF119_2,GeForce GT 520,2011-04-12 00:00:00,GF119,TSMC 40 nm,292,79,PCIe 2.0 x16 PCIe 2.0 x1 PCI,,,48:8:4,,,,,,,,,,29,NVIDIA,nan,nan,nan,nan,,,,12 FL 11_1,4.6,,,,810,1620,1800,3.25,6.5,155.5,,1.1,2.1,$59,,14.4,DDR3,64,,1,1 2,Unknown,,,,,,,,,,,,,,,,,,,,,,,,,,,,,,,,,,,,,,,,,,,,,,,,,,,,,,,,,,,,,,,,,,,,,,,,,,,,,,,,,,,,,,,,,,,,,,,,,,,,,,,,,,,,,,,,,,,,,,,,,,,,,,,,,,,,,,,,,,,,,,,,,,,,,,,,,,,,,,,,,,,,,,,,,,,,,,,,,,,,,,,,,,,,,,,,,,,,,,,,,,,,,,,,,,,,,,,,,,,,,,,,,,,,,,,,,,,,,,,,,,,59.0,2011-04-12,2011
NVIDIA_GF108_2,nan,2011-02-01 00:00:00,GF108,TSMC 40 nm,585,116,,,,96:16:4,,,,,,,,,,65,NVIDIA,GeForce GT 440,nan,nan,nan,,,,12 FL 11_1,4.6,,,,810,1620,1800 3200,3.2,12.9,311.04,,1.1,2.1,$100,,28.8 51.2,GDDR3 GDDR5,128,,2,0.5 1,Unknown,,,,,,,,,,,,,,,,,,,,,,,,,,,,,,,,,,,,,,,,,,,,,,,,,,,,,,,,,,,,,,,,,,,,,,,,,,,,,,,,,,,,,,,,,,,,,,,,,,,,,,,,,,,,,,,,,,,,,,,,,,,,,,,,,,,,,,,,,,,,,,,,,,,,,,,,,,,,,,,,,,,,,,,,,,,,,,,,,,,,,,,,,,,,,,,,,,,,,,,,,,,,,,,,,,,,,,,,,,,,,,,,,,,,,,,,,,,,,,,,,,,100.0,2011-02-01,2011
NVIDIA_2× GF110-351-A1,GeForce GTX 590,2011-03-24 00:00:00,2× GF110-351-A1,TSMC 40 nm,2× 3000,2× 520,PCIe 2.0 x16,,,2× 512:64:48,,,,,,,,,,365,NVIDIA,nan,nan,nan,nan,,,,12 FL 11_1,4.6,,,,607,1215,3414,2× 29.14,2× 38.85,2488.3,,1.1,2.0,$699,,2× 163.87,GDDR5,2× 384,,2× 16,2× 1.5,311.04,,,,,,,,,,,,,,,,,,,,,,,,,,,,,,,,,,,,,,,,,,,,,,,,,,,,,,,,,,,,,,,,,,,,,,,,,,,,,,,,,,,,,,,,,,,,,,,,,,,,,,,,,,,,,,,,,,,,,,,,,,,,,,,,,,,,,,,,,,,,,,,,,,,,,,,,,,,,,,,,,,,,,,,,,,,,,,,,,,,,,,,,,,,,,,,,,,,,,,,,,,,,,,,,,,,,,,,,,,,,,,,,,,,,,,,,,,,,,,,,,,,699.0,2011-03-24,2011
NVIDIA_GF110-270-A1,GeForce GTX 560 Ti (448 Cores),2011-11-29 00:00:00,GF110-270-A1,TSMC 40 nm,3000,520,PCIe 2.0 x16,,,448:56:40,,,,,,,,,,210,NVIDIA,nan,nan,nan,nan,,,,12 FL 11_1,4.6,,,,732,1464,3800,29.28,40.99,1311.7,,1.1,2.1,$289,,152,GDDR5,320,,14,1.25,163.97,,,,,,,,,,,,,,,,,,,,,,,,,,,,,,,,,,,,,,,,,,,,,,,,,,,,,,,,,,,,,,,,,,,,,,,,,,,,,,,,,,,,,,,,,,,,,,,,,,,,,,,,,,,,,,,,,,,,,,,,,,,,,,,,,,,,,,,,,,,,,,,,,,,,,,,,,,,,,,,,,,,,,,,,,,,,,,,,,,,,,,,,,,,,,,,,,,,,,,,,,,,,,,,,,,,,,,,,,,,,,,,,,,,,,,,,,,,,,,,,,,,289.0,2011-11-29,2011
NVIDIA_GF114-325-A1,GeForce GTX 560,2011-05-17 00:00:00,GF114-325-A1,TSMC 40 nm,1950,332,PCIe 2.0 x16,,,336:56:32,,,,,,,,,,150,NVIDIA,nan,nan,nan,nan,,,,12 FL 11_1,4.6,,,,810,1620,4008,25.92,45.36,1088.6,,1.1,2.1,$199,,128.1,GDDR5,256,,7,1 2,Unknown,,,,,,,,,,,,,,,,,,,,,,,,,,,,,,,,,,,,,,,,,,,,,,,,,,,,,,,,,,,,,,,,,,,,,,,,,,,,,,,,,,,,,,,,,,,,,,,,,,,,,,,,,,,,,,,,,,,,,,,,,,,,,,,,,,,,,,,,,,,,,,,,,,,,,,,,,,,,,,,,,,,,,,,,,,,,,,,,,,,,,,,,,,,,,,,,,,,,,,,,,,,,,,,,,,,,,,,,,,,,,,,,,,,,,,,,,,,,,,,,,,,199.0,2011-05-17,2011
NVIDIA_GF114-400-A1,GeForce GTX 560 Ti,2011-01-25 00:00:00,GF114-400-A1,TSMC 40 nm,1950,332,PCIe 2.0 x16,,,384:64:32,,,,,,,,,,170,NVIDIA,nan,nan,nan,nan,,,,12 FL 11_1,4.6,,,,822,1645,4008,26.3,52.61,1263.4,,1.1,2.1,$249,,128.26,GDDR5,256,,8,1 2,110,,,,,,,,,,,,,,,,,,,,,,,,,,,,,,,,,,,,,,,,,,,,,,,,,,,,,,,,,,,,,,,,,,,,,,,,,,,,,,,,,,,,,,,,,,,,,,,,,,,,,,,,,,,,,,,,,,,,,,,,,,,,,,,,,,,,,,,,,,,,,,,,,,,,,,,,,,,,,,,,,,,,,,,,,,,,,,,,,,,,,,,,,,,,,,,,,,,,,,,,,,,,,,,,,,,,,,,,,,,,,,,,,,,,,,,,,,,,,,,,,,,249.0,2011-01-25,2011
NVIDIA_GF116-400,GeForce GTX 550 Ti,2011-03-15 00:00:00,GF116-400,TSMC 40 nm,~1170,~238,PCIe 2.0 x16,,,192:32:24,,,,,,,,,,116,NVIDIA,nan,nan,nan,nan,,,,12 FL 11_1,4.6,,,,900,1800,4104,21.6,28.8,691.2,,1.1,2.1,$149,,65.7+32.8 98.5,GDDR5,128+64 192,,4,0.75+0.25 1.5,Unknown,,,,,,,,,,,,,,,,,,,,,,,,,,,,,,,,,,,,,,,,,,,,,,,,,,,,,,,,,,,,,,,,,,,,,,,,,,,,,,,,,,,,,,,,,,,,,,,,,,,,,,,,,,,,,,,,,,,,,,,,,,,,,,,,,,,,,,,,,,,,,,,,,,,,,,,,,,,,,,,,,,,,,,,,,,,,,,,,,,,,,,,,,,,,,,,,,,,,,,,,,,,,,,,,,,,,,,,,,,,,,,,,,,,,,,,,,,,,,,,,,,,149.0,2011-03-15,2011
NVIDIA_GF116,GeForce GT 545,2011-05-14 00:00:00,GF116,TSMC 40 nm,~1170,~238,PCIe 2.0 x16,,,144:24:16,,,,,,,,,,70,NVIDIA,nan,nan,nan,nan,,,,12 FL 11_1,4.6,,,,720,1440,1800,11.52,17.28,415.07,,1.1,2.1,$149,,43,DDR3,192,,3,1.5 3,Unknown,,,,,,,,,,,,,,,,,,,,,,,,,,,,,,,,,,,,,,,,,,,,,,,,,,,,,,,,,,,,,,,,,,,,,,,,,,,,,,,,,,,,,,,,,,,,,,,,,,,,,,,,,,,,,,,,,,,,,,,,,,,,,,,,,,,,,,,,,,,,,,,,,,,,,,,,,,,,,,,,,,,,,,,,,,,,,,,,,,,,,,,,,,,,,,,,,,,,,,,,,,,,,,,,,,,,,,,,,,,,,,,,,,,,,,,,,,,,,,,,,,,149.0,2011-05-14,2011
AMD_nan_56,nan,2011-01-01 00:00:00,nan,,,,PCIe 3.0 ×16,,,,3072 6144,264,,,,,,,,,AMD,nan,nan,Radeon HD 7970 (Tahiti XT),nan,,,,,,,,,,,,29.6,118.4,,,,,$550,,,,,,,,,,,,,,,,,,,,,,,,,,,,,,,,,,,,,,,,,,,,,,,,,,,,,,,,,,,,,,,,,,,,,,,,,,,,,,,,,,,,,,,,,,,,,,,,,,,,,,,,,,,,,,,,,,,,,,,,,,,,,,,,,,,,,,,,,,,,,,,,250,,,,,,,,,,,,15,2048:128:32,925,,,,,3788.8,947.2,GDDR5 384-bit,1375,,,,,,,,,,,,,,,,GCN 1 gen 28 nm,4313×10 352 mm,,,,,,,,,,,,,,,,,,,,,,,,,,,,,,,,,,,,,,,,,,,,,,,,,,,,,,,,,,,,,,,,,,,,550.0,2011-01-01,2011
NVIDIA_GK107_3,GeForce GT 640,2012-06-05 00:00:00,GK107,TSMC 28 nm,1300,118,PCIe 3.0 x16,,,384:32:16,,,,,,,,,,65,NVIDIA,nan,nan,nan,nan,,,,12,4.6,,,,900,900,891 (1782),14.4,28.8,691.2,,1.2,,$100,,28.5,DDR3,128,,2,2 4,28.8,1.2,-,-,,,,,,,,,,,,,,,,,,,,,,,,,,,,,,,,,,,,,,,,,,,,,,,,,,,,,,,,,,,,,,,,,,,,,,,,,,,,,,,,,,,,,,,,,,,,,,,,,,,,,,,,,,,,,,,,,,,,,,,,,,,,,,,,,,,,,,,,,,,,,,,,,,,,,,,,,,,,,,,,,,,,,,,,,,,,,,,,,,,,,,,,,,,,,,,,,,,,,,,,,,,,,,,,,,,,,,,,,,,,,,,,,,,,,,,,,,,,,,,,100.0,2012-06-05,2012
AMD_nan_57,nan,2012-01-01 00:00:00,nan,,,,PCIe 3.0 ×16,,,,3072 6144,288,,,,,,,,,AMD,nan,nan,Radeon HD 7970 GHz Edition (Tahiti XT2),nan,,,,,,,,,,,,32,128.0,,,,,$500,,,,,,,,,,,,,,,,,,,,,,,,,,,,,,,,,,,,,,,,,,,,,,,,,,,,,,,,,,,,,,,,,,,,,,,,,,,,,,,,,,,,,,,,,,,,,,,,,,,,,,,,,,,,,,,,,,,,,,,,,,,,,,,,,,,,,,,,,,,,,,,,250,,,,,,,,,,,,15,2048:128:32,1000 1050,,,,,4096 4300.8,1024 1075,GDDR5 384-bit,1500,,,,,,,,,,,,,,,,GCN 1 gen 28 nm,4313×10 352 mm,,,,,,,,,,,,,,,,,,,,,,,,,,,,,,,,,,,,,,,,,,,,,,,,,,,,,,,,,,,,,,,,,,,,500.0,2012-01-01,2012
AMD_nan_55,nan,2012-01-01 00:00:00,nan,,,,PCIe 3.0 ×16,,,,3072,240,,,,,,,,,AMD,nan,nan,Radeon HD 7950 Boost (Tahiti Pro2),nan,,,,,,,,,,,,29.6,103.6,,,,,$330,,,,,,,,,,,,,,,,,,,,,,,,,,,,,,,,,,,,,,,,,,,,,,,,,,,,,,,,,,,,,,,,,,,,,,,,,,,,,,,,,,,,,,,,,,,,,,,,,,,,,,,,,,,,,,,,,,,,,,,,,,,,,,,,,,,,,,,,,,,,,,,,225,,,,,,,,,,,,15,1792:112:32,850 925,,,,,3046.4 3315.2,761.6 828.8,GDDR5 384-bit,1250,,,,,,,,,,,,,,,,GCN 1 gen 28 nm,4313×10 352 mm,,,,,,,,,,,,,,,,,,,,,,,,,,,,,,,,,,,,,,,,,,,,,,,,,,,,,,,,,,,,,,,,,,,,330.0,2012-01-01,2012
NVIDIA_2× GK104-355-A2,GeForce GTX 690,2012-04-29 00:00:00,2× GK104-355-A2,TSMC 28 nm,2× 3540,2× 294,PCIe 3.0 x16,,,2× 1536:128:32,,,,,,,,,,300,NVIDIA,nan,nan,nan,nan,,,,12,4.6,,,,915,915,1502 (6008),2× 29.28,2× 117.12,2× 2810.88,,1.2,,$1000,,2× 192.256,GDDR5,2× 256,,2× 8,2× 2,2× 117.12,1.2,1019,1058,,,,,,,,,,,,,,,,,,,,,,,,,,,,,,,,,,,,,,,,,,,,,,,,,,,,,,,,,,,,,,,,,,,,,,,,,,,,,,,,,,,,,,,,,,,,,,,,,,,,,,,,,,,,,,,,,,,,,,,,,,,,,,,,,,,,,,,,,,,,,,,,,,,,,,,,,,,,,,,,,,,,,,,,,,,,,,,,,,,,,,,,,,,,,,,,,,,,,,,,,,,,,,,,,,,,,,,,,,,,,,,,,,,,,,,,,,,,,,,,1000.0,2012-04-29,2012
NVIDIA_GK104-400-A2,GeForce GTX 680,2012-03-22 00:00:00,GK104-400-A2,TSMC 28 nm,3540,294,PCIe 3.0 x16,,,1536:128:32,,,,,,,,,,195,NVIDIA,nan,nan,nan,nan,,,,12,4.6,,,,1006,1006,1502 (6008),32.2,128.8,3090.43,,1.2,,$500,,192.256,GDDR5,256,,8,2 4,128.77,1.2,1058,1110,,,,,,,,,,,,,,,,,,,,,,,,,,,,,,,,,,,,,,,,,,,,,,,,,,,,,,,,,,,,,,,,,,,,,,,,,,,,,,,,,,,,,,,,,,,,,,,,,,,,,,,,,,,,,,,,,,,,,,,,,,,,,,,,,,,,,,,,,,,,,,,,,,,,,,,,,,,,,,,,,,,,,,,,,,,,,,,,,,,,,,,,,,,,,,,,,,,,,,,,,,,,,,,,,,,,,,,,,,,,,,,,,,,,,,,,,,,,,,,,500.0,2012-03-22,2012
NVIDIA_GK104-325-A2,GeForce GTX 670,2012-05-10 00:00:00,GK104-325-A2,TSMC 28 nm,3540,294,PCIe 3.0 x16,,,1344:112:32,,,,,,,,,,170,NVIDIA,nan,nan,nan,nan,,,,12,4.6,,,,915,915,1502 (6008),29.3,102.5,2459.52,,1.2,,$400,,192.256,GDDR5,256,,7,2 4,102.48,1.2,980,1084,,,,,,,,,,,,,,,,,,,,,,,,,,,,,,,,,,,,,,,,,,,,,,,,,,,,,,,,,,,,,,,,,,,,,,,,,,,,,,,,,,,,,,,,,,,,,,,,,,,,,,,,,,,,,,,,,,,,,,,,,,,,,,,,,,,,,,,,,,,,,,,,,,,,,,,,,,,,,,,,,,,,,,,,,,,,,,,,,,,,,,,,,,,,,,,,,,,,,,,,,,,,,,,,,,,,,,,,,,,,,,,,,,,,,,,,,,,,,,,,400.0,2012-05-10,2012
NVIDIA_GK104-300-KD-A2,GeForce GTX 660 Ti,2012-08-16 00:00:00,GK104-300-KD-A2,TSMC 28 nm,3540,294,PCIe 3.0 x16,,,1344:112:24,,,,,,,,,,150,NVIDIA,nan,nan,nan,nan,,,,12,4.6,,,,915,915,1502 (6008),22.0,102.5,2459.52,,1.2,,$300,,96.1+48.1 144.2,GDDR5,128+64 192,,7,2,102.48,1.2,980,1058,,,,,,,,,,,,,,,,,,,,,,,,,,,,,,,,,,,,,,,,,,,,,,,,,,,,,,,,,,,,,,,,,,,,,,,,,,,,,,,,,,,,,,,,,,,,,,,,,,,,,,,,,,,,,,,,,,,,,,,,,,,,,,,,,,,,,,,,,,,,,,,,,,,,,,,,,,,,,,,,,,,,,,,,,,,,,,,,,,,,,,,,,,,,,,,,,,,,,,,,,,,,,,,,,,,,,,,,,,,,,,,,,,,,,,,,,,,,,,,,300.0,2012-08-16,2012
NVIDIA_GK107-450-A2,GeForce GTX 650,2012-09-13 00:00:00,GK107-450-A2,TSMC 28 nm,1300,118,PCIe 3.0 x16,,,384:32:16,,,,,,,,,,64,NVIDIA,nan,nan,nan,nan,,,,12,4.6,,,,1058,1058,1250 (5000),16.9,33.8,812.54,,1.2,,$110,,80,GDDR5,128,,2,1 2,33.86,1.2,-,-,,,,,,,,,,,,,,,,,,,,,,,,,,,,,,,,,,,,,,,,,,,,,,,,,,,,,,,,,,,,,,,,,,,,,,,,,,,,,,,,,,,,,,,,,,,,,,,,,,,,,,,,,,,,,,,,,,,,,,,,,,,,,,,,,,,,,,,,,,,,,,,,,,,,,,,,,,,,,,,,,,,,,,,,,,,,,,,,,,,,,,,,,,,,,,,,,,,,,,,,,,,,,,,,,,,,,,,,,,,,,,,,,,,,,,,,,,,,,,,,110.0,2012-09-13,2012
AMD_nan_48,nan,2012-01-01 00:00:00,nan,,,,PCIe 3.0 ×16,,,,1024 2048 4096,25.6 72,,,,,,,,,AMD,nan,nan,Radeon HD 7750 (Cape Verde Pro),nan,,,,,,,,,,,,12.8 14.4,25.6 28.8,,,,,$110,,,,,,,,,,,,,,,,,,,,,,,,,,,,,,,,,,,,,,,,,,,,,,,,,,,,,,,,,,,,,,,,,,,,,,,,,,,,,,,,,,,,,,,,,,,,,,,,,,,,,,,,,,,,,,,,,,,,,,,,,,,,,,,,,,,,,,,,,,,,,,,,55,,,,,,,,,,,,10,512:32:16,800 900,,,,,819.2 921.6,51.2 57.6,DDR3 GDDR5 128-bit,800 1125,,,,,,,,,,,,,,,,GCN 1 gen 28 nm,1500×10 123 mm,,,,,,,,,,,,,,,,,,,,,,,,,,,,,,,,,,,,,,,,,,,,,,,,,,,,,,,,,,,,,,,,,,,,110.0,2012-01-01,2012
AMD_nan_52,nan,2012-01-01 00:00:00,nan,,,,PCIe 3.0 ×16,,,,2048,153.6,,,,,,,,,AMD,nan,nan,Radeon HD 7870 GHz Edition (Pitcairn XT),nan,,,,,,,,,,,,32,80,,,,,$350,,,,,,,,,,,,,,,,,,,,,,,,,,,,,,,,,,,,,,,,,,,,,,,,,,,,,,,,,,,,,,,,,,,,,,,,,,,,,,,,,,,,,,,,,,,,,,,,,,,,,,,,,,,,,,,,,,,,,,,,,,,,,,,,,,,,,,,,,,,,,,,,175,,,,,,,,,,,,10,1280:80:32,1000,,,,,2560,160,GDDR5 256-bit,1200,,,,,,,,,,,,,,,,GCN 1 gen 28 nm,2800×10 212 mm,,,,,,,,,,,,,,,,,,,,,,,,,,,,,,,,,,,,,,,,,,,,,,,,,,,,,,,,,,,,,,,,,,,,350.0,2012-01-01,2012
AMD_nan_51,nan,2012-01-01 00:00:00,nan,,,,PCIe 3.0 ×16,,,,1024 2048,153.6,,,,,,,,,AMD,nan,nan,Radeon HD 7850 (Pitcairn Pro),nan,,,,,,,,,,,,27.52,55.04,,,,,$250,,,,,,,,,,,,,,,,,,,,,,,,,,,,,,,,,,,,,,,,,,,,,,,,,,,,,,,,,,,,,,,,,,,,,,,,,,,,,,,,,,,,,,,,,,,,,,,,,,,,,,,,,,,,,,,,,,,,,,,,,,,,,,,,,,,,,,,,,,,,,,,,130,,,,,,,,,,,,10,1024:64:32,860,,,,,1761.28,110.08,GDDR5 256-bit,1200,,,,,,,,,,,,,,,,GCN 1 gen 28 nm,2800×10 212 mm,,,,,,,,,,,,,,,,,,,,,,,,,,,,,,,,,,,,,,,,,,,,,,,,,,,,,,,,,,,,,,,,,,,,250.0,2012-01-01,2012
AMD_nan_54,nan,2012-01-01 00:00:00,nan,,,,PCIe 3.0 ×16,,,,3072,240,,,,,,,,,AMD,nan,nan,Radeon HD 7950 (Tahiti Pro),nan,,,,,,,,,,,,25.6,89.6,,,,,$450,,,,,,,,,,,,,,,,,,,,,,,,,,,,,,,,,,,,,,,,,,,,,,,,,,,,,,,,,,,,,,,,,,,,,,,,,,,,,,,,,,,,,,,,,,,,,,,,,,,,,,,,,,,,,,,,,,,,,,,,,,,,,,,,,,,,,,,,,,,,,,,,200,,,,,,,,,,,,15,1792:112:32,800,,,,,2867.2,717,GDDR5 384-bit,1250,,,,,,,,,,,,,,,,GCN 1 gen 28 nm,4313×10 352 mm,,,,,,,,,,,,,,,,,,,,,,,,,,,,,,,,,,,,,,,,,,,,,,,,,,,,,,,,,,,,,,,,,,,,450.0,2012-01-01,2012
AMD_nan_49,nan,2012-01-01 00:00:00,nan,,,,PCIe 3.0 ×16,,,,1024 2048,72,,,,,,,,,AMD,nan,nan,Radeon HD 7770 GHz Edition (Cape Verde XT),nan,,,,,,,,,,,,16,40,,,,,$160,,,,,,,,,,,,,,,,,,,,,,,,,,,,,,,,,,,,,,,,,,,,,,,,,,,,,,,,,,,,,,,,,,,,,,,,,,,,,,,,,,,,,,,,,,,,,,,,,,,,,,,,,,,,,,,,,,,,,,,,,,,,,,,,,,,,,,,,,,,,,,,,80,,,,,,,,,,,,10,640:40:16,1000,,,,,1280,80,GDDR5 128-bit,1125,,,,,,,,,,,,,,,,GCN 1 gen 28 nm,1500×10 123 mm,,,,,,,,,,,,,,,,,,,,,,,,,,,,,,,,,,,,,,,,,,,,,,,,,,,,,,,,,,,,,,,,,,,,160.0,2012-01-01,2012
AMD_nan_53,nan,2012-01-01 00:00:00,nan,,,,PCIe 3.0 ×16,,,,2048,192.0,,,,,,,,,AMD,nan,nan,Radeon HD 7870 XT (Tahiti LE),nan,,,,,,,,,,,,29.6,88.8,,,,,$270,,,,,,,,,,,,,,,,,,,,,,,,,,,,,,,,,,,,,,,,,,,,,,,,,,,,,,,,,,,,,,,,,,,,,,,,,,,,,,,,,,,,,,,,,,,,,,,,,,,,,,,,,,,,,,,,,,,,,,,,,,,,,,,,,,,,,,,,,,,,,,,,185,,,,,,,,,,,,15,1536:96:32,925 975,,,,,2841.6 2995.2,710.4 748.8,GDDR5 256-bit,1500,,,,,,,,,,,,,,,,GCN 1 gen 28 nm,4313×10 352 mm,,,,,,,,,,,,,,,,,,,,,,,,,,,,,,,,,,,,,,,,,,,,,,,,,,,,,,,,,,,,,,,,,,,,270.0,2012-01-01,2012
AMD_nan_58,nan,2013-01-01 00:00:00,nan,,,,PCIe 3.0 ×16,,,,2× 3072,2× 288,,,,,,,,,AMD,nan,nan,Radeon HD 7990 (New Zealand),nan,,,,,,,,,,,,2× 32,2× 128,,,,,$1000,,,,,,,,,,,,,,,,,,,,,,,,,,,,,,,,,,,,,,,,,,,,,,,,,,,,,,,,,,,,,,,,,,,,,,,,,,,,,,,,,,,,,,,,,,,,,,,,,,,,,,,,,,,,,,,,,,,,,,,,,,,,,,,,,,,,,,,,,,,,,,,,375,,,,,,,,,,,,15,2× 2048:128:32,950 1000,,,,,7782.4 8192,1945.6 2048,GDDR5 384-bit,1500,,,,,,,,,,,,,,,,GCN 1 gen 28 nm,2× 4313×10 352 mm,,,,,,,,,,,,,,,,,,,,,,,,,,,,,,,,,,,,,,,,,,,,,,,,,,,,,,,,,,,,,,,,,,,,1000.0,2013-01-01,2013
AMD_nan_50,nan,2013-01-01 00:00:00,nan,,,,PCIe 3.0 ×16,,,,1024 2048,96,,,,,,,,,AMD,nan,nan,Radeon HD 7790 (Bonaire XT),nan,,,,,,,,,,,,16.0,56.0,,,,,$150,,,,,,,,,,,,,,,,,,,,,,,,,,,,,,,,,,,,,,,,,,,,,,,,,,,,,,,,,,,,,,,,,,,,,,,,,,,,,,,,,,,,,,,,,,,,,,,,,,,,,,,,,,,,,,,,,,,,,,,,,,,,,,,,,,,,,,,,,,,,,,,,85,,,,,,,,,,,,10,896:56:16,1000,,,,,1792,128,GDDR5 128-bit,1500,,,,,,,,,,,,,,,,GCN 2 gen 28 nm,2080×10 160 mm,,,,,,,,,,,,,,,,,,,,,,,,,,,,,,,,,,,,,,,,,,,,,,,,,,,,,,,,,,,,,,,,,,,,150.0,2013-01-01,2013
NVIDIA_GK110-425-B1,GeForce GTX 780 Ti,2013-11-07 00:00:00,GK110-425-B1,TSMC 28HP,7080,561,PCIe 3.0 x16,,,2880:240:48,,,,,,,,,,230,NVIDIA,nan,nan,nan,nan,,,,12,4.6,,,,,,1752.5 (7010),42.0,210.2,5045.7,,1.2,,$699,,336.5,GDDR5,384,,,3,210.2,1.2,928,1019,876,15,,,,,,,,,,,,,,,,,,,,,,,,,,,,,,,,,,,,,,,,,,,,,,,,,,,,,,,,,,,,,,,,,,,,,,,,,,,,,,,,,,,,,,,,,,,,,,,,,,,,,,,,,,,,,,,,,,,,,,,,,,,,,,,,,,,,,,,,,,,,,,,,,,,,,,,,,,,,,,,,,,,,,,,,,,,,,,,,,,,,,,,,,,,,,,,,,,,,,,,,,,,,,,,,,,,,,,,,,,,,,,,,,,,,,,,,,,,,,,699.0,2013-11-07,2013
NVIDIA_GK110-400-A1,GeForce GTX TITAN,2013-02-21 00:00:00,GK110-400-A1,TSMC 28HP,7080,561,PCIe 3.0 x16,,,2688:224:48,,,,,,,,,,230,NVIDIA,nan,nan,nan,nan,,,,12,4.6,,,,,,1502 (6008),40.2,187.5,4499.7,,1.2,,$999,,288.4,GDDR5,384,,,6,1300 -1499.9,1.2,876,993,837,14,,,,,,,,,,,,,,,,,,,,,,,,,,,,,,,,,,,,,,,,,,,,,,,,,,,,,,,,,,,,,,,,,,,,,,,,,,,,,,,,,,,,,,,,,,,,,,,,,,,,,,,,,,,,,,,,,,,,,,,,,,,,,,,,,,,,,,,,,,,,,,,,,,,,,,,,,,,,,,,,,,,,,,,,,,,,,,,,,,,,,,,,,,,,,,,,,,,,,,,,,,,,,,,,,,,,,,,,,,,,,,,,,,,,,,,,,,,,,,999.0,2013-02-21,2013
AMD_nan_47,nan,2013-01-01 00:00:00,nan,,,,PCIe 3.0 ×16,,,,1024,25.6 72,,,,,,,,,AMD,nan,nan,Radeon HD 7730 (Cape Verde LE),nan,,,,,,,,,,,,6.4,19.2,,,,,$60,,,,,,,,,,,,,,,,,,,,,,,,,,,,,,,,,,,,,,,,,,,,,,,,,,,,,,,,,,,,,,,,,,,,,,,,,,,,,,,,,,,,,,,,,,,,,,,,,,,,,,,,,,,,,,,,,,,,,,,,,,,,,,,,,,,,,,,,,,,,,,,,47,,,,,,,,,,,,10,384:24:8,800,,,,,614.4,38.4,DDR3 GDDR5 128-bit,1125,,,,,,,,,,,,,,,,GCN 1 gen 28 nm,1500×10 123 mm,,,,,,,,,,,,,,,,,,,,,,,,,,,,,,,,,,,,,,,,,,,,,,,,,,,,,,,,,,,,,,,,,,,,60.0,2013-01-01,2013
NVIDIA_GM107-400-A2,GeForce GTX 750 Ti,2014-02-18 00:00:00,GM107-400-A2,TSMC 28HP,1870,148,PCIe 3.0 x16,,,640:40:16,,,,,,,,,,60,NVIDIA,nan,nan,nan,nan,,,,12,4.6,,,,,,1350 (5400),16.3,40.8,1305.6,,1.2,,$149,,86.4,GDDR5,128,,,1 2 4,40.8,1.3,1085,1200,1020,5,,,,,,,,,,,,,,,,,,,,,,,,,,,,,,,,,,,,,,,,,,,,,,,,,,,,,,,,,,,,,,,,,,,,,,,,,,,,,,,,,,,,,,,,,,,,,,,,,,,,,,,,,,,,,,,,,,,,,,,,,,,,,,,,,,,,,,,,,,,,,,,,,,,,,,,,,,,,,,,,,,,,,,,,,,,,,,,,,,,,,,,,,,,,,,,,,,,,,,,,,,,,,,,,,,,,,,,,,,,,,,,,,,,,,,,,,,,,,,149.0,2014-02-18,2014
NVIDIA_GM107-300-A2,GeForce GTX 750,2014-02-18 00:00:00,GM107-300-A2,TSMC 28HP,1870,148,PCIe 3.0 x16,,,512:32:16,,,,,,,,,,55,NVIDIA,nan,nan,nan,nan,,,,12,4.6,,,,,,1250 (5000),16.3,32.6,1044.5,,1.2,,$119,,80,GDDR5,128,,,1 2 4,32.6,1.3,1085,1163,1020,4,,,,,,,,,,,,,,,,,,,,,,,,,,,,,,,,,,,,,,,,,,,,,,,,,,,,,,,,,,,,,,,,,,,,,,,,,,,,,,,,,,,,,,,,,,,,,,,,,,,,,,,,,,,,,,,,,,,,,,,,,,,,,,,,,,,,,,,,,,,,,,,,,,,,,,,,,,,,,,,,,,,,,,,,,,,,,,,,,,,,,,,,,,,,,,,,,,,,,,,,,,,,,,,,,,,,,,,,,,,,,,,,,,,,,,,,,,,,,,119.0,2014-02-18,2014
NVIDIA_2× GK110-350-B1,GeForce GTX TITAN Z,2014-05-28 00:00:00,2× GK110-350-B1,TSMC 28HP,2x 7080,2x 561,PCIe 3.0 x16,,,2x 2880:240:48,,,,,,,,,,375,NVIDIA,nan,nan,nan,nan,,,,12,4.5,,,,,,1752.5 (7010),2× 33.8,2× 169,5046 x2,,1.2,,$2999,,2× 336.5,GDDR5,2× 384,,,2× 6,1682 x2,1.2,876,Unknown,705,2× 15,,,,,,,,,,,,,,,,,,,,,,,,,,,,,,,,,,,,,,,,,,,,,,,,,,,,,,,,,,,,,,,,,,,,,,,,,,,,,,,,,,,,,,,,,,,,,,,,,,,,,,,,,,,,,,,,,,,,,,,,,,,,,,,,,,,,,,,,,,,,,,,,,,,,,,,,,,,,,,,,,,,,,,,,,,,,,,,,,,,,,,,,,,,,,,,,,,,,,,,,,,,,,,,,,,,,,,,,,,,,,,,,,,,,,,,,,,,,,,2999.0,2014-05-28,2014
NVIDIA_GK110-430-B1,GeForce GTX TITAN Black,2014-02-18 00:00:00,GK110-430-B1,TSMC 28HP,7080,561,PCIe 3.0 x16,,,2880:240:48,,,,,,,,,,230,NVIDIA,nan,nan,nan,nan,,,,12,4.6,,,,,,1752.5 (7010),42.7,213.4,5120.6,,1.2,,$999,,336.5,GDDR5,384,,,6,1706.9,1.2,980,1058,889,15,,,,,,,,,,,,,,,,,,,,,,,,,,,,,,,,,,,,,,,,,,,,,,,,,,,,,,,,,,,,,,,,,,,,,,,,,,,,,,,,,,,,,,,,,,,,,,,,,,,,,,,,,,,,,,,,,,,,,,,,,,,,,,,,,,,,,,,,,,,,,,,,,,,,,,,,,,,,,,,,,,,,,,,,,,,,,,,,,,,,,,,,,,,,,,,,,,,,,,,,,,,,,,,,,,,,,,,,,,,,,,,,,,,,,,,,,,,,,,999.0,2014-02-18,2014
Intel_ACM-G11 (DG2-128),nan,2022-09-28 00:00:00,ACM-G11 (DG2-128),,,157.0,PCIe 4.0 x8,,,6 Xe cores 768:32:16:6 (192:96:2),,124.0,,,,,,,,,Intel,nan,nan,nan,nan,,,,,,,,,,,,32,64,,,,,,,,,,,,,,,,,,,TSMC N6,7.2,,,,,,,,,,,,,,,,,,,,,,,,,,,,,,,,,,,,,,,,,,,,,,,,,,,,,,,,,,,,,,,,,,,GDDR6,,,,,,,,,,,,,,,,,,4 GB,15500.0,,,,,,,,,,,,,,,,,,,,,,,,,,,,64-bit,,,,,,75 W,,,,,,,,,,,,,,,,,,,,,,,,,,,,,,,,,,,,,,,,,,,,,,,,,,,,,,,,,,,,,,,,,,,,,,,,,,,,,,,,,,,,,,,,,,,,,,,,,,,,,,,,,,Arc 3,A310,$110,4 MB,2000 2000,6.144,3.072,,,,110.0,2022-09-28,2022
Intel_ACM-G11 (DG2-128)_2,nan,2022-06-14 00:00:00,ACM-G11 (DG2-128),,,157.0,PCIe 4.0 x8,,,8 Xe cores 1024:64:32:8 (256:128:2),,186.0,,,,,,,,,Intel,nan,nan,nan,nan,,,,,,,,,,,,64 65.6,128 131.2,,,,,,,,,,,,,,,,,,,TSMC N6,7.2,,,,,,,,,,,,,,,,,,,,,,,,,,,,,,,,,,,,,,,,,,,,,,,,,,,,,,,,,,,,,,,,,,,GDDR6,,,,,,,,,,,,,,,,,,6 GB,15500.0,,,,,,,,,,,,,,,,,,,,,,,,,,,,96-bit,,,,,,75 W,,,,,,,,,,,,,,,,,,,,,,,,,,,,,,,,,,,,,,,,,,,,,,,,,,,,,,,,,,,,,,,,,,,,,,,,,,,,,,,,,,,,,,,,,,,,,,,,,,,,,,,,,,Arc 3,A380,$139,4 MB,2000 2050,8.192 8.3968,4.096 4.1984,n/a n/a,,,139.0,2022-06-14,2022
Intel_ACM-G10 (DG2-512)_2,nan,2022-10-14 00:00:00,ACM-G10 (DG2-512),,,406.0,PCIe 4.0 x16,,,28 Xe cores 3584:224:112:28 (896:448:7),,512.0,,,,,,,,,Intel,nan,nan,nan,nan,,,,,,,,,,,,229.6 268.8,393.6 460.8,,,,,,,,,,,,,,,,,,,TSMC N6,21.7,,,,,,,,,,,,,,,,,,,,,,,,,,,,,,,,,,,,,,,,,,,,,,,,,,,,,,,,,,,,,,,,,,,GDDR6,,,,,,,,,,,,,,,,,,8 GB,16000.0,,,,,,,,,,,,,,,,,,,,,,,,,,,,256-bit,,,,,,225 W,,,,,,,,,,,,,,,,,,,,,,,,,,,,,,,,,,,,,,,,,,,,,,,,,,,,,,,,,,,,,,,,,,,,,,,,,,,,,,,,,,,,,,,,,,,,,,,,,,,,,,,,,,Arc 7,A750,$289,16 MB,2050 2400,29.3888 34.4064,14.6944 17.2032,n/a n/a,,,289.0,2022-10-14,2022
Intel_ACM-G10 (DG2-512)_3,nan,2022-10-14 00:00:00,ACM-G10 (DG2-512),,,406.0,PCIe 4.0 x16,,,32 Xe cores 4096:256:128:32 (1024:512:8),,512.0,,,,,,,,,Intel,nan,nan,nan,nan,,,,,,,,,,,,268.8 307.2,537.6 614.4,,,,,,,,,,,,,,,,,,,TSMC N6,21.7,,,,,,,,,,,,,,,,,,,,,,,,,,,,,,,,,,,,,,,,,,,,,,,,,,,,,,,,,,,,,,,,,,,GDDR6,,,,,,,,,,,,,,,,,,8 GB,16000.0,,,,,,,,,,,,,,,,,,,,,,,,,,,,256-bit,,,,,,225 W,,,,,,,,,,,,,,,,,,,,,,,,,,,,,,,,,,,,,,,,,,,,,,,,,,,,,,,,,,,,,,,,,,,,,,,,,,,,,,,,,,,,,,,,,,,,,,,,,,,,,,,,,,Arc 7,A7708GB,$329,16 MB,2100 2400,34.4064 39.3216,17.2032 19.6608,n/a n/a,,,329.0,2022-10-14,2022
Intel_ACM-G10 (DG2-512)_4,nan,2022-10-14 00:00:00,ACM-G10 (DG2-512),,,406.0,PCIe 4.0 x16,,,32 Xe cores 4096:256:128:32 (1024:512:8),,560.0,,,,,,,,,Intel,nan,nan,nan,nan,,,,,,,,,,,,268.8 307.2,537.6 614.4,,,,,,,,,,,,,,,,,,,TSMC N6,21.7,,,,,,,,,,,,,,,,,,,,,,,,,,,,,,,,,,,,,,,,,,,,,,,,,,,,,,,,,,,,,,,,,,,GDDR6,,,,,,,,,,,,,,,,,,16 GB,17500.0,,,,,,,,,,,,,,,,,,,,,,,,,,,,256-bit,,,,,,225 W,,,,,,,,,,,,,,,,,,,,,,,,,,,,,,,,,,,,,,,,,,,,,,,,,,,,,,,,,,,,,,,,,,,,,,,,,,,,,,,,,,,,,,,,,,,,,,,,,,,,,,,,,,Arc 7,A77016GB,$349,16 MB,2100 2400,34.4064 39.3216,17.2032 19.6608,n/a n/a,,,349.0,2022-10-14,2022
Intel_ACM-G10 (DG2-512),nan,2023-10-10 00:00:00,ACM-G10 (DG2-512),,,406.0,PCIe 4.0 x16,,,24 Xe cores 3072:192:96:24 (768:384:6),,512.0,,,,,,,,,Intel,nan,nan,nan,nan,,,,,,,,,,,,163.2,326.4,,,,,,,,,,,,,,,,,,,TSMC N6,21.7,,,,,,,,,,,,,,,,,,,,,,,,,,,,,,,,,,,,,,,,,,,,,,,,,,,,,,,,,,,,,,,,,,,GDDR6,,,,,,,,,,,,,,,,,,8 GB,16000.0,,,,,,,,,,,,,,,,,,,,,,,,,,,,256-bit,,,,,,175 W,,,,,,,,,,,,,,,,,,,,,,,,,,,,,,,,,,,,,,,,,,,,,,,,,,,,,,,,,,,,,,,,,,,,,,,,,,,,,,,,,,,,,,,,,,,,,,,,,,,,,,,,,,Arc 5,A580,$179,8 MB,1700 1700,20.890,10.445,,,,179.0,2023-10-10,2023
Intel_BMG-G21_2,nan,2024-12-13 00:00:00,BMG-G21,,,272,PCIe 4.0 x8,,,,,456,,,,,,,,,Intel,nan,nan,nan,nan,,,,,,,,,,,,136.0 213.6,272.0 427.2,,,,,,,,,,,,,,,,,,,TSMC N5,19.6,,,,,,,,,,,,,,,,,,,,27.34,13.67,1.709,,,,,,,,,,,,,,,,,,,,,,,,,,,,,,,,,,,,,,,,,,,,,GDDR6,,,,,,,,,,,,,,,,,,,19000,,,,,,,,,,,,,,,,,,,,,,,5 MB,12 MB,12 GB,,,192-bit,,,,,,190 W,,,,,,,,,,,,,,,,,,,,,,20 X Cores (160) 2560:160:80:20:160 (160:160:5),1700 2670,,,,,,,,,,,,,,,,,,,,,,,,,,,,,,,,,,,,,,,,,,,,,,,,,,,,,,,,,,,,,,,,,,,,,,,,,,,,,,,,,,,Arc 5,B580,$249,,,,,,,,249.0,2024-12-13,2024
Intel_BMG-G21,nan,2025-01-16 00:00:00,BMG-G21,,,272,PCIe 4.0 x8,,,,,380,,,,,,,,,Intel,nan,nan,nan,nan,,,,,,,,,,,,122.4 200.0,244.8 360.0,,,,,,,,,,,,,,,,,,,TSMC N5,19.6,,,,,,,,,,,,,,,,,,,,23.04,11.52,1.44,,,,,,,,,,,,,,,,,,,,,,,,,,,,,,,,,,,,,,,,,,,,,GDDR6,,,,,,,,,,,,,,,,,,,19000,,,,,,,,,,,,,,,,,,,,,,,4.5 MB,10 MB,10 GB,,,160-bit,,,,,,150 W,,,,,,,,,,,,,,,,,,,,,,18 X Cores (144) 2304:144:72:18:144 (128:128:5),1700 2500,,,,,,,,,,,,,,,,,,,,,,,,,,,,,,,,,,,,,,,,,,,,,,,,,,,,,,,,,,,,,,,,,,,,,,,,,,,,,,,,,,,Arc 5,B570,$219,,,,,,,,219.0,2025-01-16,2025
Intel_BMG-G21_3,nan,2025-09-03 00:00:00,BMG-G21,,,272,PCIe 5.0 x8,,,,,224,,,,,,,,,Intel,nan,nan,nan,nan,,,,,,,,,,,,87 133,218 332.8,,,,,,,,,,,,,,,,,,,TSMC N5,198.6,,,,,,,,,,,,,,,,,,,,21.3,10.65,1.33,,,,,,,,,,,,,,,,,,,,,,,,,,,,,,,,,,,,,,,,,,,,,GDDR6,,,,,,,,,,,,,,,,,,,14000,,,,,,,,,,,,,,,,,,,,,,,,,16 GB,,,128-bit,,,,,,70 W,,,,,,,,,,,,,,,,,,,,,,16 Xe2-cores 2048:128:64:16:128 (128:128:4),1700 2600,,,,,,,,,,,,,,,,,,,,,,,,,,,,,,,,,,,,,,,,,,,,,,,,,,,,,,,,,,,,,,,,,,,,,,,,,,,,,,,,,,,Arc Pro,B50,$349,4 MB,,,,,197.0,,349.0,2025-09-03,2025
